<?xml version="1.0" encoding="utf-8"?>
<modification>
  <name>Free Shipping</name>
	<code>free-shipping</code>
	<version>1.0</version>
	<author>Jano Sousa</author>
	<link>http://www.sincromaster.com.br</link>

	<file path="catalog/controller/product/product.php">
	<operation>
		<search><![CDATA[public function index() {]]></search>
        	<add position="before">
        		<![CDATA[
            public function Freeshipping(){
            
            if (!$this->config->get('shipping_free_geo_zone_id')) {
			$status = true;
		
		} else {
			$status = false;
		}

		if ($this->cart->getSubTotal() < $this->config->get('shipping_free_total')) {
			$status = false;
		}
                $html = '';

		if ($this->config->get('shipping_free_status')) {
                    if ($this->cart->getSubTotal()  >=  $this->config->get('shipping_free_total')) {
                        $html .= '<div class="free-shipping font-weight-bold">Sucesso!<span class="text-success"> Você tem frete grátis</span></div>';
                    
                    }else{

                    $html .= '<div class="free-shipping font-weight-bold"><span  class="text-success">Frete grátis a partir de </span>'. $this->currency->format($this->config->get('shipping_free_total'), $this->session->data['currency']) .' </div>';
                    }
		}
                
          return $html;
        }
    			]]>
     		</add>
      	</operation>
        <operation>
	<search><![CDATA[$data['description'] = html_entity_decode($product_info['description'], ENT_QUOTES, 'UTF-8');]]></search>
        	<add position="after">
        		<![CDATA[$data['free_shipping'] = $this->Freeshipping();]]>
     		</add>
      	</operation>
   </file>
   <file path="catalog/view/theme/default/template/product/product.twig">
   <operation>
	<search><![CDATA[{% if review_status %}]]></search>
        	<add position="before">
        		<![CDATA[<div style="font-size:16px;margin-bottom:15px;">{{ free_shipping }}</div>]]>
     		</add>
      	</operation>
   </file>
</modification>